Id,Title,Category,Diagram,Interaction,Priority,State,Changed By,Description,Justification,Last Modified,Possible Mitigation(s),SDL Phase
19,An adversary can gain access to sensitive data by performing SQL injection through Web API,Tampering,Diagram 1,Request http auth,High,Not Started,,"SQL injection is an attack in which malicious code is inserted into strings that are later passed to an instance of SQL Server for parsing and execution. The primary form of SQL injection consists of direct insertion of code into user-input variables that are concatenated with SQL commands and executed. A less direct attack injects malicious code into strings that are destined for storage in a table or as metadata. When the stored strings are subsequently concatenated into a dynamic SQL command, the malicious code is executed. ",,Generated,"Ensure that type-safe parameters are used in Web API for data access. Refer: <a href=""https://aka.ms/tmtinputval#typesafe-api"">https://aka.ms/tmtinputval#typesafe-api</a>",Implementation
18,An adversary may inject malicious inputs into an API and affect downstream processes,Tampering,Diagram 1,Request http auth,High,Not Started,,An adversary may inject malicious inputs into an API and affect downstream processes,,Generated,"Ensure that model validation is done on Web API methods. Refer: <a href=""https://aka.ms/tmtinputval#validation-api"">https://aka.ms/tmtinputval#validation-api</a>  Implement input validation on all string type parameters accepted by Web API methods. Refer: <a href=""https://aka.ms/tmtinputval#string-api"">https://aka.ms/tmtinputval#string-api</a>",Implementation
17,An adversary may spoof Cliente / Edificio  and gain access to Web API,Spoofing,Diagram 1,Request http auth,High,Not Started,,"If proper authentication is not in place, an adversary can spoof a source process or external entity and gain unauthorized access to the Web Application ",,Generated,"Ensure that standard authentication techniques are used to secure Web APIs. Refer: <a href=""https://aka.ms/tmtauthn#authn-secure-api"">https://aka.ms/tmtauthn#authn-secure-api</a>",Design
16,An adversary can gain unauthorized access to API end points due to unrestricted cross domain requests,Spoofing,Diagram 1,Request http auth,High,Not Started,,An adversary can gain unauthorized access to API end points due to weak CORS configuration,,Generated,"Ensure that only trusted origins are allowed if CORS is enabled on ASP.NET Web API. Refer: <a href=""https://aka.ms/tmtconfigmgmt#cors-api"">https://aka.ms/tmtconfigmgmt#cors-api</a>  Mitigate against Cross-Site Request Forgery (CSRF) attacks on ASP.NET Web APIs. Refer: <a href=""https://aka.ms/tmtsmgmt#csrf-api"">https://aka.ms/tmtsmgmt#csrf-api</a>",Implementation
15,Attacker can deny a malicious act on an API leading to repudiation issues,Repudiation,Diagram 1,Request http auth,High,Not Started,,Attacker can deny a malicious act on an API leading to repudiation issues,,Generated,"Ensure that auditing and logging is enforced on Web API. Refer: <a href=""https://aka.ms/tmtauditlog#logging-web-api"">https://aka.ms/tmtauditlog#logging-web-api</a>",Design
14,An adversary can gain access to sensitive data stored in Web API's config files,Information Disclosure,Diagram 1,Request http auth,Medium,Not Started,,"An adversary can gain access to the config files. and if sensitive data is stored in it, it would be compromised.",,Generated,"Encrypt sections of Web API's configuration files that contain sensitive data. Refer: <a href=""https://aka.ms/tmtconfigmgmt#config-sensitive"">https://aka.ms/tmtconfigmgmt#config-sensitive</a>",Implementation
13,An adversary can gain access to sensitive data by sniffing traffic to Web API,Information Disclosure,Diagram 1,Request http auth,High,Not Started,,An adversary can gain access to sensitive data by sniffing traffic to Web API,,Generated,"Force all traffic to Web APIs over HTTPS connection. Refer: <a href=""https://aka.ms/tmtcommsec#webapi-https"">https://aka.ms/tmtcommsec#webapi-https</a>",Implementation
12,"An adversary may retrieve sensitive data (e.g, auth tokens) persisted in browser storage",Information Disclosure,Diagram 1,Request http auth,High,Not Started,,"An adversary may retrieve sensitive data (e.g, auth tokens) persisted in browser storage",,Generated,"Ensure that sensitive data relevant to Web API is not stored in browser's storage. Refer: <a href=""https://aka.ms/tmtdata#api-browser"">https://aka.ms/tmtdata#api-browser</a>",Implementation
11,An adversary can gain access to sensitive information from an API through error messages,Information Disclosure,Diagram 1,Request http auth,High,Not Started,,"An adversary can gain access to sensitive data such as the following, through verbose error messages - Server names - Connection strings - Usernames - Passwords - SQL procedures - Details of dynamic SQL failures - Stack trace and lines of code - Variables stored in memory - Drive and folder locations - Application install points - Host configuration settings - Other internal application details ",,Generated,"Ensure that proper exception handling is done in ASP.NET Web API. Refer: <a href=""https://aka.ms/tmtxmgmt#exception"">https://aka.ms/tmtxmgmt#exception</a>",Implementation
10,An adversary may gain unauthorized access to Web API due to poor access control checks,Elevation of Privileges,Diagram 1,Request http auth,High,Not Started,,An adversary may gain unauthorized access to Web API due to poor access control checks,,Generated,"Implement proper authorization mechanism in ASP.NET Web API. Refer: <a href=""https://aka.ms/tmtauthz#authz-aspnet"">https://aka.ms/tmtauthz#authz-aspnet</a>",Implementation
20,An adversary may gain unauthorized access to Web API due to poor access control checks,Elevation of Privileges,Diagram 1,Request http auth,High,Not Started,,An adversary may gain unauthorized access to Web API due to poor access control checks,,Generated,"Implement proper authorization mechanism in ASP.NET Web API. Refer: <a href=""https://aka.ms/tmtauthz#authz-aspnet"">https://aka.ms/tmtauthz#authz-aspnet</a>",Implementation
21,An adversary can gain access to sensitive information from an API through error messages,Information Disclosure,Diagram 1,Request http auth,High,Not Started,,"An adversary can gain access to sensitive data such as the following, through verbose error messages - Server names - Connection strings - Usernames - Passwords - SQL procedures - Details of dynamic SQL failures - Stack trace and lines of code - Variables stored in memory - Drive and folder locations - Application install points - Host configuration settings - Other internal application details ",,Generated,"Ensure that proper exception handling is done in ASP.NET Web API. Refer: <a href=""https://aka.ms/tmtxmgmt#exception"">https://aka.ms/tmtxmgmt#exception</a>",Implementation
22,"An adversary may retrieve sensitive data (e.g, auth tokens) persisted in browser storage",Information Disclosure,Diagram 1,Request http auth,High,Not Started,,"An adversary may retrieve sensitive data (e.g, auth tokens) persisted in browser storage",,Generated,"Ensure that sensitive data relevant to Web API is not stored in browser's storage. Refer: <a href=""https://aka.ms/tmtdata#api-browser"">https://aka.ms/tmtdata#api-browser</a>",Implementation
23,An adversary can gain access to sensitive data by sniffing traffic to Web API,Information Disclosure,Diagram 1,Request http auth,High,Not Started,,An adversary can gain access to sensitive data by sniffing traffic to Web API,,Generated,"Force all traffic to Web APIs over HTTPS connection. Refer: <a href=""https://aka.ms/tmtcommsec#webapi-https"">https://aka.ms/tmtcommsec#webapi-https</a>",Implementation
24,An adversary can gain access to sensitive data stored in Web API's config files,Information Disclosure,Diagram 1,Request http auth,Medium,Not Started,,"An adversary can gain access to the config files. and if sensitive data is stored in it, it would be compromised.",,Generated,"Encrypt sections of Web API's configuration files that contain sensitive data. Refer: <a href=""https://aka.ms/tmtconfigmgmt#config-sensitive"">https://aka.ms/tmtconfigmgmt#config-sensitive</a>",Implementation
25,Attacker can deny a malicious act on an API leading to repudiation issues,Repudiation,Diagram 1,Request http auth,High,Not Started,,Attacker can deny a malicious act on an API leading to repudiation issues,,Generated,"Ensure that auditing and logging is enforced on Web API. Refer: <a href=""https://aka.ms/tmtauditlog#logging-web-api"">https://aka.ms/tmtauditlog#logging-web-api</a>",Design
26,An adversary can gain unauthorized access to API end points due to unrestricted cross domain requests,Spoofing,Diagram 1,Request http auth,High,Not Started,,An adversary can gain unauthorized access to API end points due to weak CORS configuration,,Generated,"Ensure that only trusted origins are allowed if CORS is enabled on ASP.NET Web API. Refer: <a href=""https://aka.ms/tmtconfigmgmt#cors-api"">https://aka.ms/tmtconfigmgmt#cors-api</a>  Mitigate against Cross-Site Request Forgery (CSRF) attacks on ASP.NET Web APIs. Refer: <a href=""https://aka.ms/tmtsmgmt#csrf-api"">https://aka.ms/tmtsmgmt#csrf-api</a>",Implementation
27,An adversary may spoof superadmin and gain access to Web API,Spoofing,Diagram 1,Request http auth,High,Not Started,,"If proper authentication is not in place, an adversary can spoof a source process or external entity and gain unauthorized access to the Web Application ",,Generated,"Ensure that standard authentication techniques are used to secure Web APIs. Refer: <a href=""https://aka.ms/tmtauthn#authn-secure-api"">https://aka.ms/tmtauthn#authn-secure-api</a>",Design
28,An adversary may inject malicious inputs into an API and affect downstream processes,Tampering,Diagram 1,Request http auth,High,Not Started,,An adversary may inject malicious inputs into an API and affect downstream processes,,Generated,"Ensure that model validation is done on Web API methods. Refer: <a href=""https://aka.ms/tmtinputval#validation-api"">https://aka.ms/tmtinputval#validation-api</a>  Implement input validation on all string type parameters accepted by Web API methods. Refer: <a href=""https://aka.ms/tmtinputval#string-api"">https://aka.ms/tmtinputval#string-api</a>",Implementation
29,An adversary can gain access to sensitive data by performing SQL injection through Web API,Tampering,Diagram 1,Request http auth,High,Not Started,,"SQL injection is an attack in which malicious code is inserted into strings that are later passed to an instance of SQL Server for parsing and execution. The primary form of SQL injection consists of direct insertion of code into user-input variables that are concatenated with SQL commands and executed. A less direct attack injects malicious code into strings that are destined for storage in a table or as metadata. When the stored strings are subsequently concatenated into a dynamic SQL command, the malicious code is executed. ",,Generated,"Ensure that type-safe parameters are used in Web API for data access. Refer: <a href=""https://aka.ms/tmtinputval#typesafe-api"">https://aka.ms/tmtinputval#typesafe-api</a>",Implementation
30,An adversary may gain unauthorized access to Web API due to poor access control checks,Elevation of Privileges,Diagram 1,Request http auth,High,Not Started,,An adversary may gain unauthorized access to Web API due to poor access control checks,,Generated,"Implement proper authorization mechanism in ASP.NET Web API. Refer: <a href=""https://aka.ms/tmtauthz#authz-aspnet"">https://aka.ms/tmtauthz#authz-aspnet</a>",Implementation
31,An adversary can gain access to sensitive information from an API through error messages,Information Disclosure,Diagram 1,Request http auth,High,Not Started,,"An adversary can gain access to sensitive data such as the following, through verbose error messages - Server names - Connection strings - Usernames - Passwords - SQL procedures - Details of dynamic SQL failures - Stack trace and lines of code - Variables stored in memory - Drive and folder locations - Application install points - Host configuration settings - Other internal application details ",,Generated,"Ensure that proper exception handling is done in ASP.NET Web API. Refer: <a href=""https://aka.ms/tmtxmgmt#exception"">https://aka.ms/tmtxmgmt#exception</a>",Implementation
32,"An adversary may retrieve sensitive data (e.g, auth tokens) persisted in browser storage",Information Disclosure,Diagram 1,Request http auth,High,Not Started,,"An adversary may retrieve sensitive data (e.g, auth tokens) persisted in browser storage",,Generated,"Ensure that sensitive data relevant to Web API is not stored in browser's storage. Refer: <a href=""https://aka.ms/tmtdata#api-browser"">https://aka.ms/tmtdata#api-browser</a>",Implementation
33,An adversary can gain access to sensitive data by sniffing traffic to Web API,Information Disclosure,Diagram 1,Request http auth,High,Not Started,,An adversary can gain access to sensitive data by sniffing traffic to Web API,,Generated,"Force all traffic to Web APIs over HTTPS connection. Refer: <a href=""https://aka.ms/tmtcommsec#webapi-https"">https://aka.ms/tmtcommsec#webapi-https</a>",Implementation
34,An adversary can gain access to sensitive data stored in Web API's config files,Information Disclosure,Diagram 1,Request http auth,Medium,Not Started,,"An adversary can gain access to the config files. and if sensitive data is stored in it, it would be compromised.",,Generated,"Encrypt sections of Web API's configuration files that contain sensitive data. Refer: <a href=""https://aka.ms/tmtconfigmgmt#config-sensitive"">https://aka.ms/tmtconfigmgmt#config-sensitive</a>",Implementation
35,Attacker can deny a malicious act on an API leading to repudiation issues,Repudiation,Diagram 1,Request http auth,High,Not Started,,Attacker can deny a malicious act on an API leading to repudiation issues,,Generated,"Ensure that auditing and logging is enforced on Web API. Refer: <a href=""https://aka.ms/tmtauditlog#logging-web-api"">https://aka.ms/tmtauditlog#logging-web-api</a>",Design
36,An adversary can gain unauthorized access to API end points due to unrestricted cross domain requests,Spoofing,Diagram 1,Request http auth,High,Not Started,,An adversary can gain unauthorized access to API end points due to weak CORS configuration,,Generated,"Ensure that only trusted origins are allowed if CORS is enabled on ASP.NET Web API. Refer: <a href=""https://aka.ms/tmtconfigmgmt#cors-api"">https://aka.ms/tmtconfigmgmt#cors-api</a>  Mitigate against Cross-Site Request Forgery (CSRF) attacks on ASP.NET Web APIs. Refer: <a href=""https://aka.ms/tmtsmgmt#csrf-api"">https://aka.ms/tmtsmgmt#csrf-api</a>",Implementation
37,An adversary may spoof reciclador  and gain access to Web API,Spoofing,Diagram 1,Request http auth,High,Not Started,,"If proper authentication is not in place, an adversary can spoof a source process or external entity and gain unauthorized access to the Web Application ",,Generated,"Ensure that standard authentication techniques are used to secure Web APIs. Refer: <a href=""https://aka.ms/tmtauthn#authn-secure-api"">https://aka.ms/tmtauthn#authn-secure-api</a>",Design
38,An adversary may inject malicious inputs into an API and affect downstream processes,Tampering,Diagram 1,Request http auth,High,Not Started,,An adversary may inject malicious inputs into an API and affect downstream processes,,Generated,"Ensure that model validation is done on Web API methods. Refer: <a href=""https://aka.ms/tmtinputval#validation-api"">https://aka.ms/tmtinputval#validation-api</a>  Implement input validation on all string type parameters accepted by Web API methods. Refer: <a href=""https://aka.ms/tmtinputval#string-api"">https://aka.ms/tmtinputval#string-api</a>",Implementation
39,An adversary can gain access to sensitive data by performing SQL injection through Web API,Tampering,Diagram 1,Request http auth,High,Not Started,,"SQL injection is an attack in which malicious code is inserted into strings that are later passed to an instance of SQL Server for parsing and execution. The primary form of SQL injection consists of direct insertion of code into user-input variables that are concatenated with SQL commands and executed. A less direct attack injects malicious code into strings that are destined for storage in a table or as metadata. When the stored strings are subsequently concatenated into a dynamic SQL command, the malicious code is executed. ",,Generated,"Ensure that type-safe parameters are used in Web API for data access. Refer: <a href=""https://aka.ms/tmtinputval#typesafe-api"">https://aka.ms/tmtinputval#typesafe-api</a>",Implementation
40,An adversary can reverse weakly encrypted or hashed content,Information Disclosure,Diagram 1,Request call Rest,High,Not Started,,An adversary can reverse weakly encrypted or hashed content,,Generated,"Do not expose security details in error messages. Refer: <a href=""https://aka.ms/tmtxmgmt#messages"">https://aka.ms/tmtxmgmt#messages</a> Implement Default error handling page. Refer: <a href=""https://aka.ms/tmtxmgmt#default"">https://aka.ms/tmtxmgmt#default</a>  Set Deployment Method to Retail in IIS. Refer: <a href=""https://aka.ms/tmtxmgmt#deployment"">https://aka.ms/tmtxmgmt#deployment</a>  Use only approved symmetric block ciphers and key lengths. Refer: <a href=""https://aka.ms/tmtcrypto#cipher-length"">https://aka.ms/tmtcrypto#cipher-length</a>  Use approved block cipher modes and initialization vectors for symmetric ciphers. Refer: <a href=""https://aka.ms/tmtcrypto#vector-ciphers"">https://aka.ms/tmtcrypto#vector-ciphers</a>  Use approved asymmetric algorithms, key lengths, and padding. Refer: <a href=""https://aka.ms/tmtcrypto#padding"">https://aka.ms/tmtcrypto#padding</a>  Use approved random number generators. Refer: <a href=""https://aka.ms/tmtcrypto#numgen"">https://aka.ms/tmtcrypto#numgen</a>  Do not use symmetric stream ciphers. Refer: <a href=""https://aka.ms/tmtcrypto#stream-ciphers"">https://aka.ms/tmtcrypto#stream-ciphers</a>  Use approved MAC/HMAC/keyed hash algorithms. Refer: <a href=""https://aka.ms/tmtcrypto#mac-hash"">https://aka.ms/tmtcrypto#mac-hash</a>  Use only approved cryptographic hash functions. Refer: <a href=""https://aka.ms/tmtcrypto#hash-functions"">https://aka.ms/tmtcrypto#hash-functions</a>  Verify X.509 certificates used to authenticate SSL, TLS, and DTLS connections. Refer: <a href=""https://aka.ms/tmtcommsec#x509-ssltls"">https://aka.ms/tmtcommsec#x509-ssltls</a>",Implementation
41,An adversary may gain access to sensitive data from log files,Information Disclosure,Diagram 1,Request call Rest,High,Not Started,,An adversary may gain access to sensitive data from log files,,Generated,"Ensure that the application does not log sensitive user data. Refer: <a href=""https://aka.ms/tmtauditlog#log-sensitive-data"">https://aka.ms/tmtauditlog#log-sensitive-data</a>  Ensure that Audit and Log Files have Restricted Access. Refer: <a href=""https://aka.ms/tmtauditlog#log-restricted-access"">https://aka.ms/tmtauditlog#log-restricted-access</a>",Implementation
42,An adversary can gain access to sensitive information through error messages,Information Disclosure,Diagram 1,Request call Rest,High,Not Started,,"An adversary can gain access to sensitive data such as the following, through verbose error messages - Server names  - Connection strings  - Usernames  - Passwords  - SQL procedures  - Details of dynamic SQL failures  - Stack trace and lines of code  - Variables stored in memory  - Drive and folder locations  - Application install points  - Host configuration settings  - Other internal application details ",,Generated,"Do not expose security details in error messages. Refer: <a href=""https://aka.ms/tmtxmgmt#messages"">https://aka.ms/tmtxmgmt#messages</a>  Implement Default error handling page. Refer: <a href=""https://aka.ms/tmtxmgmt#default"">https://aka.ms/tmtxmgmt#default</a>  Set Deployment Method to Retail in IIS. Refer: <a href=""https://aka.ms/tmtxmgmt#deployment"">https://aka.ms/tmtxmgmt#deployment</a>  Exceptions should fail safely. Refer: <a href=""https://aka.ms/tmtxmgmt#fail"">https://aka.ms/tmtxmgmt#fail</a>  ASP.NET applications must disable tracing and debugging prior to deployment. Refer: <a href=""https://aka.ms/tmtconfigmgmt#trace-deploy"">https://aka.ms/tmtconfigmgmt#trace-deploy</a>  Implement controls to prevent username enumeration. Refer: <a href=""https://aka.ms/tmtauthn#controls-username-enum"">https://aka.ms/tmtauthn#controls-username-enum</a>",Implementation
43,Attacker can deny the malicious act and remove the attack foot prints leading to repudiation issues,Repudiation,Diagram 1,Request call Rest,Medium,Not Started,,"Proper logging of all security events and user actions builds traceability in a system and denies any possible repudiation issues. In the absence of proper auditing and logging controls, it would become impossible to implement any accountability in a system",,Generated,"Ensure that auditing and logging is enforced on the application. Refer: <a href=""https://aka.ms/tmtauditlog#auditing"">https://aka.ms/tmtauditlog#auditing</a>  Ensure that log rotation and separation are in place. Refer: <a href=""https://aka.ms/tmtauditlog#log-rotation"">https://aka.ms/tmtauditlog#log-rotation</a>  Ensure that Audit and Log Files have Restricted Access. Refer: <a href=""https://aka.ms/tmtauditlog#log-restricted-access"">https://aka.ms/tmtauditlog#log-restricted-access</a>  Ensure that User Management Events are Logged. Refer: <a href=""https://aka.ms/tmtauditlog#user-management"">https://aka.ms/tmtauditlog#user-management</a>",Implementation
44,An adversary can spoof the target web application due to insecure TLS certificate configuration,Spoofing,Diagram 1,Request call Rest,High,Not Started,,Ensure that TLS certificate parameters are configured with correct values,,Generated,"Verify X.509 certificates used to authenticate SSL, TLS, and DTLS connections. Refer: <a href=""https://aka.ms/tmtcommsec#x509-ssltls"">https://aka.ms/tmtcommsec#x509-ssltls</a>",Implementation
45,An adversary can steal sensitive data like user credentials,Spoofing,Diagram 1,Request call Rest,High,Not Started,,"Attackers can exploit weaknesses in system to steal user credentials. Downstream and upstream components are often accessed by using credentials stored in configuration stores. Attackers may steal the upstream or downstream component credentials. Attackers may steal credentials if, Credentials are stored and sent in clear text, Weak input validation coupled with dynamic sql queries, Password retrieval mechanism are poor,  ",,Generated,"Explicitly disable the autocomplete HTML attribute in sensitive forms and inputs. Refer: <a href=""https://aka.ms/tmtdata#autocomplete-input"">https://aka.ms/tmtdata#autocomplete-input</a>  Perform input validation and filtering on all string type Model properties. Refer: <a href=""https://aka.ms/tmtinputval#typemodel"">https://aka.ms/tmtinputval#typemodel</a>  Validate all redirects within the application are closed or done safely. Refer: <a href=""https://aka.ms/tmtinputval#redirect-safe"">https://aka.ms/tmtinputval#redirect-safe</a>  Enable step up or adaptive authentication. Refer: <a href=""https://aka.ms/tmtauthn#step-up-adaptive-authn"">https://aka.ms/tmtauthn#step-up-adaptive-authn</a>  Implement forgot password functionalities securely. Refer: <a href=""https://aka.ms/tmtauthn#forgot-pword-fxn"">https://aka.ms/tmtauthn#forgot-pword-fxn</a>  Ensure that password and account policy are implemented. Refer: <a href=""https://aka.ms/tmtauthn#pword-account-policy"">https://aka.ms/tmtauthn#pword-account-policy</a>  Implement input validation on all string type parameters accepted by Controller methods. Refer: <a href=""https://aka.ms/tmtinputval#string-method"">https://aka.ms/tmtinputval#string-method</a>",Implementation
46,An adversary can create a fake website and launch phishing attacks,Spoofing,Diagram 1,Request call Rest,High,Not Started,,"Phishing is attempted to obtain sensitive information such as usernames, passwords, and credit card details (and sometimes, indirectly, money), often for malicious reasons, by masquerading as a Web Server which is a trustworthy entity in electronic communication",,Generated,"Verify X.509 certificates used to authenticate SSL, TLS, and DTLS connections. Refer: <a href=""https://aka.ms/tmtcommsec#x509-ssltls"">https://aka.ms/tmtcommsec#x509-ssltls</a>  Ensure that authenticated ASP.NET pages incorporate UI Redressing or clickjacking defences. Refer: <a href=""https://aka.ms/tmtconfigmgmt#ui-defenses"">https://aka.ms/tmtconfigmgmt#ui-defenses</a>  Validate all redirects within the application are closed or done safely. Refer: <a href=""https://aka.ms/tmtinputval#redirect-safe"">https://aka.ms/tmtinputval#redirect-safe</a>",Implementation
47,An adversary may spoof frontend (html/css/js) http://localhost:3000 and gain access to Web Application,Spoofing,Diagram 1,Request call Rest,High,Not Started,,"If proper authentication is not in place, an adversary can spoof a source process or external entity and gain unauthorized access to the Web Application",,Generated,"Consider using a standard authentication mechanism to authenticate to Web Application. Refer: <a href=""https://aka.ms/tmtauthn#standard-authn-web-app"">https://aka.ms/tmtauthn#standard-authn-web-app</a>",Design
48,An adversary can gain access to sensitive data by performing SQL injection through Web App,Tampering,Diagram 1,Request call Rest,High,Not Started,,"SQL injection is an attack in which malicious code is inserted into strings that are later passed to an instance of SQL Server for parsing and execution. The primary form of SQL injection consists of direct insertion of code into user-input variables that are concatenated with SQL commands and executed. A less direct attack injects malicious code into strings that are destined for storage in a table or as metadata. When the stored strings are subsequently concatenated into a dynamic SQL command, the malicious code is executed. ",,Generated,"Ensure that type-safe parameters are used in Web Application for data access. Refer: <a href=""https://aka.ms/tmtinputval#typesafe"">https://aka.ms/tmtinputval#typesafe</a>",Implementation
49,An adversary can gain access to sensitive data stored in Web App's config files,Tampering,Diagram 1,Request call Rest,High,Not Started,,"An adversary can gain access to the config files. and if sensitive data is stored in it, it would be compromised.",,Generated,"Encrypt sections of Web App's configuration files that contain sensitive data. Refer: <a href=""https://aka.ms/tmtdata#encrypt-data"">https://aka.ms/tmtdata#encrypt-data</a>",Implementation
50,An adversary may gain unauthorized access to Web API due to poor access control checks,Elevation of Privileges,Diagram 1,Response call Rest,High,Not Started,,An adversary may gain unauthorized access to Web API due to poor access control checks,,Generated,"Implement proper authorization mechanism in ASP.NET Web API. Refer: <a href=""https://aka.ms/tmtauthz#authz-aspnet"">https://aka.ms/tmtauthz#authz-aspnet</a>",Implementation
51,An adversary can gain access to sensitive information from an API through error messages,Information Disclosure,Diagram 1,Response call Rest,High,Not Started,,"An adversary can gain access to sensitive data such as the following, through verbose error messages - Server names - Connection strings - Usernames - Passwords - SQL procedures - Details of dynamic SQL failures - Stack trace and lines of code - Variables stored in memory - Drive and folder locations - Application install points - Host configuration settings - Other internal application details ",,Generated,"Ensure that proper exception handling is done in ASP.NET Web API. Refer: <a href=""https://aka.ms/tmtxmgmt#exception"">https://aka.ms/tmtxmgmt#exception</a>",Implementation
52,An adversary can gain access to sensitive data by sniffing traffic to Web API,Information Disclosure,Diagram 1,Response call Rest,High,Not Started,,An adversary can gain access to sensitive data by sniffing traffic to Web API,,Generated,"Force all traffic to Web APIs over HTTPS connection. Refer: <a href=""https://aka.ms/tmtcommsec#webapi-https"">https://aka.ms/tmtcommsec#webapi-https</a>",Implementation
53,An adversary can gain access to sensitive data stored in Web API's config files,Information Disclosure,Diagram 1,Response call Rest,Medium,Not Started,,"An adversary can gain access to the config files. and if sensitive data is stored in it, it would be compromised.",,Generated,"Encrypt sections of Web API's configuration files that contain sensitive data. Refer: <a href=""https://aka.ms/tmtconfigmgmt#config-sensitive"">https://aka.ms/tmtconfigmgmt#config-sensitive</a>",Implementation
54,Attacker can deny a malicious act on an API leading to repudiation issues,Repudiation,Diagram 1,Response call Rest,High,Not Started,,Attacker can deny a malicious act on an API leading to repudiation issues,,Generated,"Ensure that auditing and logging is enforced on Web API. Refer: <a href=""https://aka.ms/tmtauditlog#logging-web-api"">https://aka.ms/tmtauditlog#logging-web-api</a>",Design
55,An adversary may spoof FastAPI Backend http//localhost:8000/api/v1 and gain access to Web API,Spoofing,Diagram 1,Response call Rest,High,Not Started,,"If proper authentication is not in place, an adversary can spoof a source process or external entity and gain unauthorized access to the Web Application ",,Generated,"Ensure that standard authentication techniques are used to secure Web APIs. Refer: <a href=""https://aka.ms/tmtauthn#authn-secure-api"">https://aka.ms/tmtauthn#authn-secure-api</a>",Design
56,An adversary may inject malicious inputs into an API and affect downstream processes,Tampering,Diagram 1,Response call Rest,High,Not Started,,An adversary may inject malicious inputs into an API and affect downstream processes,,Generated,"Ensure that model validation is done on Web API methods. Refer: <a href=""https://aka.ms/tmtinputval#validation-api"">https://aka.ms/tmtinputval#validation-api</a>  Implement input validation on all string type parameters accepted by Web API methods. Refer: <a href=""https://aka.ms/tmtinputval#string-api"">https://aka.ms/tmtinputval#string-api</a>",Implementation
57,An adversary can gain access to sensitive data by performing SQL injection through Web API,Tampering,Diagram 1,Response call Rest,High,Not Started,,"SQL injection is an attack in which malicious code is inserted into strings that are later passed to an instance of SQL Server for parsing and execution. The primary form of SQL injection consists of direct insertion of code into user-input variables that are concatenated with SQL commands and executed. A less direct attack injects malicious code into strings that are destined for storage in a table or as metadata. When the stored strings are subsequently concatenated into a dynamic SQL command, the malicious code is executed. ",,Generated,"Ensure that type-safe parameters are used in Web API for data access. Refer: <a href=""https://aka.ms/tmtinputval#typesafe-api"">https://aka.ms/tmtinputval#typesafe-api</a>",Implementation
58,An adversary can gain unauthorized access to Azure MySQL DB instances due to weak network security configuration,Elevation of Privileges,Diagram 1,Request SQL query,High,Not Started,,An adversary can gain unauthorized access to SQLite DataBase reciclap.db (local disck) instances due to weak network security configuration.,,Generated,"Restrict access to Azure MySQL DB instances by configuring server-level firewall rules to only permit connections from selected IP addresses where possible. Refer: <a href=""https://aka.ms/tmt-th150"">https://aka.ms/tmt-th150</a>",Implementation
59,An adversary may read and/or tamper with the data transmitted to Azure MySQL DB due to weak configuration,Tampering,Diagram 1,Request SQL query,High,Not Started,,An adversary may read and/or tamper with the data transmitted to SQLite DataBase reciclap.db (local disck) due to weak configuration.,,Generated,"Enforce communication between clients and Azure MySQL DB to be over SSL/TLS by enabling the Enforce SSL connection feature on the server. Check that the connection strings used to connect to MySQL databases have the right configuration (e.g. ssl = true or sslmode=require or sslmode=true are set). Refer: <a href=""https://aka.ms/tmt-th151a"">https://aka.ms/tmt-th151a</a> Configure MySQL server to use a verifiable SSL certificate (needed for SSL/TLS communication). Refer: <a href=""https://aka.ms/tmt-th151b"">https://aka.ms/tmt-th151b</a>",Implementation
60,"An adversary can gain long term, persistent access to an Azure MySQL DB instance through the compromise of local user account password(s)",Elevation of Privileges,Diagram 1,Request SQL query,High,Not Started,,"An adversary can gain long term, persistent access to SQLite DataBase reciclap.db (local disck) instance through the compromise of local user account password(s).",,Generated,"It is recommended to rotate user account passwords (e.g. those used in connection strings) regularly, in accordance with your organization's policies. Store secrets in a secret storage solution (e.g. Azure Key Vault).",Implementation
61,An adversary can reverse weakly encrypted or hashed content,Information Disclosure,Diagram 1,Response SQL query,High,Not Started,,An adversary can reverse weakly encrypted or hashed content,,Generated,"Do not expose security details in error messages. Refer: <a href=""https://aka.ms/tmtxmgmt#messages"">https://aka.ms/tmtxmgmt#messages</a> Implement Default error handling page. Refer: <a href=""https://aka.ms/tmtxmgmt#default"">https://aka.ms/tmtxmgmt#default</a>  Set Deployment Method to Retail in IIS. Refer: <a href=""https://aka.ms/tmtxmgmt#deployment"">https://aka.ms/tmtxmgmt#deployment</a>  Use only approved symmetric block ciphers and key lengths. Refer: <a href=""https://aka.ms/tmtcrypto#cipher-length"">https://aka.ms/tmtcrypto#cipher-length</a>  Use approved block cipher modes and initialization vectors for symmetric ciphers. Refer: <a href=""https://aka.ms/tmtcrypto#vector-ciphers"">https://aka.ms/tmtcrypto#vector-ciphers</a>  Use approved asymmetric algorithms, key lengths, and padding. Refer: <a href=""https://aka.ms/tmtcrypto#padding"">https://aka.ms/tmtcrypto#padding</a>  Use approved random number generators. Refer: <a href=""https://aka.ms/tmtcrypto#numgen"">https://aka.ms/tmtcrypto#numgen</a>  Do not use symmetric stream ciphers. Refer: <a href=""https://aka.ms/tmtcrypto#stream-ciphers"">https://aka.ms/tmtcrypto#stream-ciphers</a>  Use approved MAC/HMAC/keyed hash algorithms. Refer: <a href=""https://aka.ms/tmtcrypto#mac-hash"">https://aka.ms/tmtcrypto#mac-hash</a>  Use only approved cryptographic hash functions. Refer: <a href=""https://aka.ms/tmtcrypto#hash-functions"">https://aka.ms/tmtcrypto#hash-functions</a>  Verify X.509 certificates used to authenticate SSL, TLS, and DTLS connections. Refer: <a href=""https://aka.ms/tmtcommsec#x509-ssltls"">https://aka.ms/tmtcommsec#x509-ssltls</a>",Implementation
62,An adversary may gain access to sensitive data from log files,Information Disclosure,Diagram 1,Response SQL query,High,Not Started,,An adversary may gain access to sensitive data from log files,,Generated,"Ensure that the application does not log sensitive user data. Refer: <a href=""https://aka.ms/tmtauditlog#log-sensitive-data"">https://aka.ms/tmtauditlog#log-sensitive-data</a>  Ensure that Audit and Log Files have Restricted Access. Refer: <a href=""https://aka.ms/tmtauditlog#log-restricted-access"">https://aka.ms/tmtauditlog#log-restricted-access</a>",Implementation
63,An adversary can gain access to sensitive information through error messages,Information Disclosure,Diagram 1,Response SQL query,High,Not Started,,"An adversary can gain access to sensitive data such as the following, through verbose error messages - Server names  - Connection strings  - Usernames  - Passwords  - SQL procedures  - Details of dynamic SQL failures  - Stack trace and lines of code  - Variables stored in memory  - Drive and folder locations  - Application install points  - Host configuration settings  - Other internal application details ",,Generated,"Do not expose security details in error messages. Refer: <a href=""https://aka.ms/tmtxmgmt#messages"">https://aka.ms/tmtxmgmt#messages</a>  Implement Default error handling page. Refer: <a href=""https://aka.ms/tmtxmgmt#default"">https://aka.ms/tmtxmgmt#default</a>  Set Deployment Method to Retail in IIS. Refer: <a href=""https://aka.ms/tmtxmgmt#deployment"">https://aka.ms/tmtxmgmt#deployment</a>  Exceptions should fail safely. Refer: <a href=""https://aka.ms/tmtxmgmt#fail"">https://aka.ms/tmtxmgmt#fail</a>  ASP.NET applications must disable tracing and debugging prior to deployment. Refer: <a href=""https://aka.ms/tmtconfigmgmt#trace-deploy"">https://aka.ms/tmtconfigmgmt#trace-deploy</a>  Implement controls to prevent username enumeration. Refer: <a href=""https://aka.ms/tmtauthn#controls-username-enum"">https://aka.ms/tmtauthn#controls-username-enum</a>",Implementation
64,Attacker can deny the malicious act and remove the attack foot prints leading to repudiation issues,Repudiation,Diagram 1,Response SQL query,Medium,Not Started,,"Proper logging of all security events and user actions builds traceability in a system and denies any possible repudiation issues. In the absence of proper auditing and logging controls, it would become impossible to implement any accountability in a system",,Generated,"Ensure that auditing and logging is enforced on the application. Refer: <a href=""https://aka.ms/tmtauditlog#auditing"">https://aka.ms/tmtauditlog#auditing</a>  Ensure that log rotation and separation are in place. Refer: <a href=""https://aka.ms/tmtauditlog#log-rotation"">https://aka.ms/tmtauditlog#log-rotation</a>  Ensure that Audit and Log Files have Restricted Access. Refer: <a href=""https://aka.ms/tmtauditlog#log-restricted-access"">https://aka.ms/tmtauditlog#log-restricted-access</a>  Ensure that User Management Events are Logged. Refer: <a href=""https://aka.ms/tmtauditlog#user-management"">https://aka.ms/tmtauditlog#user-management</a>",Implementation
65,An adversary can spoof the target web application due to insecure TLS certificate configuration,Spoofing,Diagram 1,Response SQL query,High,Not Started,,Ensure that TLS certificate parameters are configured with correct values,,Generated,"Verify X.509 certificates used to authenticate SSL, TLS, and DTLS connections. Refer: <a href=""https://aka.ms/tmtcommsec#x509-ssltls"">https://aka.ms/tmtcommsec#x509-ssltls</a>",Implementation
66,An adversary can steal sensitive data like user credentials,Spoofing,Diagram 1,Response SQL query,High,Not Started,,"Attackers can exploit weaknesses in system to steal user credentials. Downstream and upstream components are often accessed by using credentials stored in configuration stores. Attackers may steal the upstream or downstream component credentials. Attackers may steal credentials if, Credentials are stored and sent in clear text, Weak input validation coupled with dynamic sql queries, Password retrieval mechanism are poor,  ",,Generated,"Explicitly disable the autocomplete HTML attribute in sensitive forms and inputs. Refer: <a href=""https://aka.ms/tmtdata#autocomplete-input"">https://aka.ms/tmtdata#autocomplete-input</a>  Perform input validation and filtering on all string type Model properties. Refer: <a href=""https://aka.ms/tmtinputval#typemodel"">https://aka.ms/tmtinputval#typemodel</a>  Validate all redirects within the application are closed or done safely. Refer: <a href=""https://aka.ms/tmtinputval#redirect-safe"">https://aka.ms/tmtinputval#redirect-safe</a>  Enable step up or adaptive authentication. Refer: <a href=""https://aka.ms/tmtauthn#step-up-adaptive-authn"">https://aka.ms/tmtauthn#step-up-adaptive-authn</a>  Implement forgot password functionalities securely. Refer: <a href=""https://aka.ms/tmtauthn#forgot-pword-fxn"">https://aka.ms/tmtauthn#forgot-pword-fxn</a>  Ensure that password and account policy are implemented. Refer: <a href=""https://aka.ms/tmtauthn#pword-account-policy"">https://aka.ms/tmtauthn#pword-account-policy</a>  Implement input validation on all string type parameters accepted by Controller methods. Refer: <a href=""https://aka.ms/tmtinputval#string-method"">https://aka.ms/tmtinputval#string-method</a>",Implementation
67,An adversary can create a fake website and launch phishing attacks,Spoofing,Diagram 1,Response SQL query,High,Not Started,,"Phishing is attempted to obtain sensitive information such as usernames, passwords, and credit card details (and sometimes, indirectly, money), often for malicious reasons, by masquerading as a Web Server which is a trustworthy entity in electronic communication",,Generated,"Verify X.509 certificates used to authenticate SSL, TLS, and DTLS connections. Refer: <a href=""https://aka.ms/tmtcommsec#x509-ssltls"">https://aka.ms/tmtcommsec#x509-ssltls</a>  Ensure that authenticated ASP.NET pages incorporate UI Redressing or clickjacking defences. Refer: <a href=""https://aka.ms/tmtconfigmgmt#ui-defenses"">https://aka.ms/tmtconfigmgmt#ui-defenses</a>  Validate all redirects within the application are closed or done safely. Refer: <a href=""https://aka.ms/tmtinputval#redirect-safe"">https://aka.ms/tmtinputval#redirect-safe</a>",Implementation
68,An adversary may spoof SQLite DataBase reciclap.db (local disck) and gain access to Web Application,Spoofing,Diagram 1,Response SQL query,High,Not Started,,"If proper authentication is not in place, an adversary can spoof a source process or external entity and gain unauthorized access to the Web Application",,Generated,"Consider using a standard authentication mechanism to authenticate to Web Application. Refer: <a href=""https://aka.ms/tmtauthn#standard-authn-web-app"">https://aka.ms/tmtauthn#standard-authn-web-app</a>",Design
69,An adversary can gain access to sensitive data by performing SQL injection through Web App,Tampering,Diagram 1,Response SQL query,High,Not Started,,"SQL injection is an attack in which malicious code is inserted into strings that are later passed to an instance of SQL Server for parsing and execution. The primary form of SQL injection consists of direct insertion of code into user-input variables that are concatenated with SQL commands and executed. A less direct attack injects malicious code into strings that are destined for storage in a table or as metadata. When the stored strings are subsequently concatenated into a dynamic SQL command, the malicious code is executed. ",,Generated,"Ensure that type-safe parameters are used in Web Application for data access. Refer: <a href=""https://aka.ms/tmtinputval#typesafe"">https://aka.ms/tmtinputval#typesafe</a>",Implementation
70,An adversary can gain access to sensitive data stored in Web App's config files,Tampering,Diagram 1,Response SQL query,High,Not Started,,"An adversary can gain access to the config files. and if sensitive data is stored in it, it would be compromised.",,Generated,"Encrypt sections of Web App's configuration files that contain sensitive data. Refer: <a href=""https://aka.ms/tmtdata#encrypt-data"">https://aka.ms/tmtdata#encrypt-data</a>",Implementation
71,An adversary can gain unauthorized access to database due to lack of network access protection,Elevation of Privileges,Diagram 1,photo uploads,High,Not Started,,"If there is no restriction at network or host firewall level, to access the database then anyone can attempt to connect to the database from an unauthorized location",,Generated,"Configure a Windows Firewall for Database Engine Access. Refer: <a href=""https://aka.ms/tmtconfigmgmt#firewall-db"">https://aka.ms/tmtconfigmgmt#firewall-db</a>",Implementation
72,An adversary can gain unauthorized access to database due to loose authorization rules,Elevation of Privileges,Diagram 1,photo uploads,High,Not Started,,"Database access should be configured with roles and privilege based on least privilege and need to know principle. ",,Generated,"Ensure that least-privileged accounts are used to connect to Database server. Refer: <a href=""https://aka.ms/tmtauthz#privileged-server"">https://aka.ms/tmtauthz#privileged-server</a>  Implement Row Level Security RLS to prevent tenants from accessing each others data. Refer: <a href=""https://aka.ms/tmtauthz#rls-tenants"">https://aka.ms/tmtauthz#rls-tenants</a>  Sysadmin role should only have valid necessary users . Refer: <a href=""https://aka.ms/tmtauthz#sysadmin-users"">https://aka.ms/tmtauthz#sysadmin-users</a>",Implementation
73,An adversary can gain access to sensitive data by sniffing traffic to database,Information Disclosure,Diagram 1,photo uploads,High,Not Started,,"An adversary can eaves drop on communication between application server and File Storage uploads/evidencias server, due to clear text communication protocol usage.",,Generated,"Ensure SQL server connection encryption and certificate validation. Refer: <a href=""https://aka.ms/tmtcommsec#sqlserver-validation"">https://aka.ms/tmtcommsec#sqlserver-validation</a>  Force Encrypted communication to SQL server. Refer: <a href=""https://aka.ms/tmtcommsec#encrypted-sqlserver"">https://aka.ms/tmtcommsec#encrypted-sqlserver</a>",Implementation
74,An adversary can gain access to sensitive PII or HBI data in database,Information Disclosure,Diagram 1,photo uploads,High,Not Started,,"Additional controls like Transparent Data Encryption, Column Level Encryption, EKM etc. provide additional protection mechanism to high value PII or HBI data. ",,Generated,"Use strong encryption algorithms to encrypt data in the database. Refer: <a href=""https://aka.ms/tmtcrypto#strong-db"">https://aka.ms/tmtcrypto#strong-db</a>  Ensure that sensitive data in database columns is encrypted. Refer: <a href=""https://aka.ms/tmtdata#db-encrypted"">https://aka.ms/tmtdata#db-encrypted</a>  Ensure that database-level encryption (TDE) is enabled. Refer: <a href=""https://aka.ms/tmtdata#tde-enabled"">https://aka.ms/tmtdata#tde-enabled</a>  Ensure that database backups are encrypted. Refer: <a href=""https://aka.ms/tmtdata#backup"">https://aka.ms/tmtdata#backup</a>  Use SQL server EKM to protect encryption keys. Refer: <a href=""https://aka.ms/tmtcrypto#ekm-keys"">https://aka.ms/tmtcrypto#ekm-keys</a>  Use AlwaysEncrypted feature if encryption keys should not be revealed to Database engine. Refer: <a href=""https://aka.ms/tmtcrypto#keys-engine"">https://aka.ms/tmtcrypto#keys-engine</a>",Implementation
75,An adversary can gain access to sensitive data by performing SQL injection,Information Disclosure,Diagram 1,photo uploads,High,Not Started,,"SQL injection is an attack in which malicious code is inserted into strings that are later passed to an instance of SQL Server for parsing and execution. The primary form of SQL injection consists of direct insertion of code into user-input variables that are concatenated with SQL commands and executed. A less direct attack injects malicious code into strings that are destined for storage in a table or as metadata. When the stored strings are subsequently concatenated into a dynamic SQL command, the malicious code is executed. ",,Generated,"Ensure that login auditing is enabled on SQL Server. Refer: <a href=""https://aka.ms/tmtauditlog#identify-sensitive-entities"">https://aka.ms/tmtauditlog#identify-sensitive-entities</a>  Ensure that least-privileged accounts are used to connect to Database server. Refer: <a href=""https://aka.ms/tmtauthz#privileged-server"">https://aka.ms/tmtauthz#privileged-server</a>  Enable Threat detection on Azure SQL database. Refer: <a href=""https://aka.ms/tmtauditlog#threat-detection"">https://aka.ms/tmtauditlog#threat-detection</a>  Do not use dynamic queries in stored procedures. Refer: <a href=""https://aka.ms/tmtinputval#stored-proc"">https://aka.ms/tmtinputval#stored-proc</a>",Implementation
76,An adversary can deny actions on database due to lack of auditing,Repudiation,Diagram 1,photo uploads,Medium,Not Started,,"Proper logging of all security events and user actions builds traceability in a system and denies any possible repudiation issues. In the absence of proper auditing and logging controls, it would become impossible to implement any accountability in a system.",,Generated,"Ensure that login auditing is enabled on SQL Server. Refer: <a href=""https://aka.ms/tmtauditlog#identify-sensitive-entities"">https://aka.ms/tmtauditlog#identify-sensitive-entities</a>",Implementation
77,An adversary can tamper critical database securables and deny the action,Tampering,Diagram 1,photo uploads,High,Not Started,,An adversary can tamper critical database securables and deny the action,,Generated,"Add digital signature to critical database securables. Refer: <a href=""https://aka.ms/tmtcrypto#securables-db"">https://aka.ms/tmtcrypto#securables-db</a>",Design
78,An adversary may leverage the lack of monitoring systems and trigger anomalous traffic to database,Tampering,Diagram 1,photo uploads,High,Not Started,,An adversary may leverage the lack of intrusion detection and prevention  of anomalous database activities and  trigger anomalous traffic to database,,Generated,"Enable Threat detection on Azure SQL database. Refer: <a href=""https://aka.ms/tmtauditlog#threat-detection"">https://aka.ms/tmtauditlog#threat-detection</a>",Design
